{
    "$schema": "https://schema.management.azure.com/schemas/2015-01-01/deploymentParameters.json#",
    "contentVersion": "1.0.0.0",
    "parameters": {
        "serverfarms_EastUS2Plan_name": {
            "value": null
        },
        "sites_session_fa_demo_01_name": {
            "value": null
        },
        "workflows_session_la_demo_01_name": {
            "value": null
        },
        "components_session_ai_demo_01_name": {
            "value": null
        },
        "storageAccounts_sessionfademo01b643_name": {
            "value": null
        },
        "alertrules_Failure_Anomalies___session_ai_demo_01_name": {
            "value": null
        }
    }
}